<?xml version="1.0" encoding="UTF-8"?>
<project-private xmlns="http://www.netbeans.org/ns/project-private/1">
    <editor-bookmarks xmlns="http://www.netbeans.org/ns/editor-bookmarks/2" lastBookmarkId="0"/>
    <open-files xmlns="http://www.netbeans.org/ns/projectui-open-files/2">
        <group>
            <file>file:/Users/sachin/Downloads/Demoproject-3/src/groupproject/ReviewOrder.java</file>
            <file>file:/Users/sachin/Downloads/Demoproject-3/src/groupproject/CreatePizza.java</file>
            <file>file:/Users/sachin/Downloads/Demoproject-3/src/groupproject/ConfirmationPage.java</file>
            <file>file:/Users/sachin/Downloads/Demoproject-3/src/groupproject/HomePage.java</file>
            <file>file:/Users/sachin/Downloads/Demoproject-3/src/groupproject/Address.java</file>
            <file>file:/Users/sachin/Downloads/Demoproject-3/src/groupproject/ContactUs.java</file>
        </group>
    </open-files>
</project-private>
